ds,Product Category,Sales,Type,yhat_lower,yhat_upper
2023-01-01,Beauty,1500.0,Actual,,
2023-01-01,Clothing,2100.0,Actual,,
2023-01-02,Beauty,25.0,Actual,,
2023-01-02,Clothing,1650.0,Actual,,
2023-01-02,Electronics,90.0,Actual,,
2023-01-03,Beauty,600.0,Actual,,
2023-01-04,Beauty,1090.0,Actual,,
2023-01-04,Clothing,150.0,Actual,,
2023-01-05,Beauty,50.0,Actual,,
2023-01-05,Electronics,1050.0,Actual,,
2023-01-06,Clothing,500.0,Actual,,
2023-01-06,Electronics,120.0,Actual,,
2023-01-07,Clothing,75.0,Actual,,
2023-01-07,Electronics,75.0,Actual,,
2023-01-08,Clothing,600.0,Actual,,
2023-01-08,Electronics,25.0,Actual,,
2023-01-09,Clothing,200.0,Actual,,
2023-01-10,Clothing,30.0,Actual,,
2023-01-10,Electronics,200.0,Actual,,
2023-01-11,Beauty,190.0,Actual,,
2023-01-11,Clothing,90.0,Actual,,
2023-01-13,Clothing,1200.0,Actual,,
2023-01-13,Electronics,730.0,Actual,,
2023-01-14,Beauty,1550.0,Actual,,
2023-01-15,Beauty,60.0,Actual,,
2023-01-15,Clothing,500.0,Actual,,
2023-01-15,Electronics,100.0,Actual,,
2023-01-16,Beauty,2000.0,Actual,,
2023-01-16,Electronics,2000.0,Actual,,
2023-01-17,Beauty,500.0,Actual,,
2023-01-17,Clothing,1145.0,Actual,,
2023-01-19,Clothing,30.0,Actual,,
2023-01-20,Beauty,50.0,Actual,,
2023-01-20,Clothing,75.0,Actual,,
2023-01-21,Beauty,90.0,Actual,,
2023-01-21,Electronics,2000.0,Actual,,
2023-01-22,Electronics,325.0,Actual,,
2023-01-23,Clothing,2000.0,Actual,,
2023-01-23,Electronics,1120.0,Actual,,
2023-01-24,Beauty,2150.0,Actual,,
2023-01-24,Clothing,100.0,Actual,,
2023-01-25,Electronics,50.0,Actual,,
2023-01-26,Beauty,2450.0,Actual,,
2023-01-26,Clothing,120.0,Actual,,
2023-01-27,Beauty,75.0,Actual,,
2023-01-27,Clothing,160.0,Actual,,
2023-01-28,Clothing,900.0,Actual,,
2023-01-28,Electronics,120.0,Actual,,
2023-01-29,Clothing,600.0,Actual,,
2023-01-30,Beauty,50.0,Actual,,
2023-01-30,Electronics,690.0,Actual,,
2023-01-31,Clothing,900.0,Actual,,
2023-01-31,Electronics,1200.0,Actual,,
2023-02-01,Clothing,3500.0,Actual,,
2023-02-01,Electronics,1200.0,Actual,,
2023-02-02,Clothing,25.0,Actual,,
2023-02-02,Electronics,1350.0,Actual,,
2023-02-03,Beauty,30.0,Actual,,
2023-02-03,Clothing,1200.0,Actual,,
2023-02-04,Beauty,1120.0,Actual,,
2023-02-05,Beauty,230.0,Actual,,
2023-02-05,Clothing,205.0,Actual,,
2023-02-05,Electronics,1370.0,Actual,,
2023-02-06,Beauty,325.0,Actual,,
2023-02-06,Clothing,150.0,Actual,,
2023-02-06,Electronics,150.0,Actual,,
2023-02-07,Beauty,1700.0,Actual,,
2023-02-07,Clothing,100.0,Actual,,
2023-02-07,Electronics,300.0,Actual,,
2023-02-08,Clothing,200.0,Actual,,
2023-02-08,Electronics,225.0,Actual,,
2023-02-09,Clothing,600.0,Actual,,
2023-02-10,Beauty,100.0,Actual,,
2023-02-10,Electronics,1800.0,Actual,,
2023-02-11,Beauty,100.0,Actual,,
2023-02-11,Clothing,1025.0,Actual,,
2023-02-11,Electronics,1090.0,Actual,,
2023-02-12,Clothing,500.0,Actual,,
2023-02-13,Beauty,3525.0,Actual,,
2023-02-13,Clothing,75.0,Actual,,
2023-02-14,Clothing,100.0,Actual,,
2023-02-14,Electronics,300.0,Actual,,
2023-02-16,Electronics,900.0,Actual,,
2023-02-17,Beauty,1400.0,Actual,,
2023-02-17,Clothing,2490.0,Actual,,
2023-02-17,Electronics,2000.0,Actual,,
2023-02-18,Clothing,1000.0,Actual,,
2023-02-19,Beauty,2000.0,Actual,,
2023-02-19,Clothing,25.0,Actual,,
2023-02-20,Clothing,100.0,Actual,,
2023-02-20,Electronics,1030.0,Actual,,
2023-02-21,Beauty,25.0,Actual,,
2023-02-21,Clothing,360.0,Actual,,
2023-02-22,Beauty,100.0,Actual,,
2023-02-22,Clothing,50.0,Actual,,
2023-02-22,Electronics,150.0,Actual,,
2023-02-23,Beauty,30.0,Actual,,
2023-02-24,Beauty,1500.0,Actual,,
2023-02-24,Clothing,1700.0,Actual,,
2023-02-25,Beauty,1550.0,Actual,,
2023-02-25,Electronics,1000.0,Actual,,
2023-02-26,Clothing,50.0,Actual,,
2023-02-27,Beauty,200.0,Actual,,
2023-02-27,Clothing,1025.0,Actual,,
2023-02-27,Electronics,600.0,Actual,,
2023-02-28,Beauty,100.0,Actual,,
2023-02-28,Clothing,80.0,Actual,,
2023-02-28,Electronics,2000.0,Actual,,
2023-03-01,Beauty,160.0,Actual,,
2023-03-01,Electronics,300.0,Actual,,
2023-03-02,Beauty,300.0,Actual,,
2023-03-03,Beauty,700.0,Actual,,
2023-03-03,Clothing,120.0,Actual,,
2023-03-03,Electronics,150.0,Actual,,
2023-03-04,Beauty,1000.0,Actual,,
2023-03-05,Beauty,420.0,Actual,,
2023-03-06,Beauty,150.0,Actual,,
2023-03-06,Clothing,275.0,Actual,,
2023-03-06,Electronics,200.0,Actual,,
2023-03-07,Beauty,900.0,Actual,,
2023-03-07,Clothing,2090.0,Actual,,
2023-03-07,Electronics,50.0,Actual,,
2023-03-08,Clothing,25.0,Actual,,
2023-03-09,Clothing,1200.0,Actual,,
2023-03-10,Beauty,25.0,Actual,,
2023-03-10,Clothing,150.0,Actual,,
2023-03-11,Clothing,500.0,Actual,,
2023-03-12,Clothing,525.0,Actual,,
2023-03-13,Clothing,300.0,Actual,,
2023-03-15,Electronics,1000.0,Actual,,
2023-03-17,Clothing,1075.0,Actual,,
2023-03-18,Clothing,1620.0,Actual,,
2023-03-19,Clothing,50.0,Actual,,
2023-03-19,Electronics,30.0,Actual,,
2023-03-20,Beauty,900.0,Actual,,
2023-03-20,Clothing,1350.0,Actual,,
2023-03-20,Electronics,700.0,Actual,,
2023-03-21,Beauty,1700.0,Actual,,
2023-03-21,Clothing,1800.0,Actual,,
2023-03-22,Beauty,1190.0,Actual,,
2023-03-22,Clothing,200.0,Actual,,
2023-03-23,Beauty,1500.0,Actual,,
2023-03-23,Clothing,350.0,Actual,,
2023-03-23,Electronics,100.0,Actual,,
2023-03-24,Beauty,100.0,Actual,,
2023-03-24,Electronics,150.0,Actual,,
2023-03-25,Beauty,1000.0,Actual,,
2023-03-25,Clothing,25.0,Actual,,
2023-03-25,Electronics,600.0,Actual,,
2023-03-26,Clothing,1320.0,Actual,,
2023-03-26,Electronics,100.0,Actual,,
2023-03-27,Beauty,500.0,Actual,,
2023-03-27,Clothing,90.0,Actual,,
2023-03-28,Clothing,100.0,Actual,,
2023-03-29,Clothing,500.0,Actual,,
2023-03-30,Clothing,200.0,Actual,,
2023-03-31,Clothing,1200.0,Actual,,
2023-04-01,Beauty,3200.0,Actual,,
2023-04-01,Electronics,1200.0,Actual,,
2023-04-02,Beauty,300.0,Actual,,
2023-04-02,Clothing,2000.0,Actual,,
2023-04-02,Electronics,300.0,Actual,,
2023-04-04,Beauty,60.0,Actual,,
2023-04-04,Clothing,1560.0,Actual,,
2023-04-05,Clothing,1200.0,Actual,,
2023-04-05,Electronics,900.0,Actual,,
2023-04-06,Electronics,1200.0,Actual,,
2023-04-08,Clothing,1250.0,Actual,,
2023-04-08,Electronics,1200.0,Actual,,
2023-04-09,Beauty,200.0,Actual,,
2023-04-09,Clothing,1060.0,Actual,,
2023-04-09,Electronics,975.0,Actual,,
2023-04-10,Clothing,30.0,Actual,,
2023-04-10,Electronics,30.0,Actual,,
2023-04-11,Clothing,50.0,Actual,,
2023-04-12,Beauty,1300.0,Actual,,
2023-04-12,Clothing,170.0,Actual,,
2023-04-12,Electronics,120.0,Actual,,
2023-04-13,Beauty,100.0,Actual,,
2023-04-13,Clothing,60.0,Actual,,
2023-04-13,Electronics,200.0,Actual,,
2023-04-15,Beauty,700.0,Actual,,
2023-04-16,Clothing,300.0,Actual,,
2023-04-17,Beauty,25.0,Actual,,
2023-04-18,Beauty,450.0,Actual,,
2023-04-18,Electronics,50.0,Actual,,
2023-04-19,Beauty,125.0,Actual,,
2023-04-19,Clothing,1100.0,Actual,,
2023-04-19,Electronics,1500.0,Actual,,
2023-04-20,Beauty,1275.0,Actual,,
2023-04-20,Clothing,2050.0,Actual,,
2023-04-20,Electronics,50.0,Actual,,
2023-04-21,Clothing,120.0,Actual,,
2023-04-21,Electronics,50.0,Actual,,
2023-04-22,Clothing,225.0,Actual,,
2023-04-23,Beauty,2725.0,Actual,,
2023-04-23,Clothing,180.0,Actual,,
2023-04-24,Clothing,120.0,Actual,,
2023-04-24,Electronics,50.0,Actual,,
2023-04-25,Beauty,30.0,Actual,,
2023-04-25,Clothing,130.0,Actual,,
2023-04-26,Beauty,90.0,Actual,,
2023-04-26,Clothing,120.0,Actual,,
2023-04-26,Electronics,60.0,Actual,,
2023-04-27,Beauty,200.0,Actual,,
2023-04-27,Clothing,1200.0,Actual,,
2023-04-27,Electronics,30.0,Actual,,
2023-04-28,Beauty,50.0,Actual,,
2023-04-28,Clothing,25.0,Actual,,
2023-04-28,Electronics,60.0,Actual,,
2023-04-29,Beauty,1000.0,Actual,,
2023-04-29,Clothing,960.0,Actual,,
2023-04-30,Beauty,75.0,Actual,,
2023-04-30,Clothing,30.0,Actual,,
2023-04-30,Electronics,50.0,Actual,,
2023-05-01,Beauty,100.0,Actual,,
2023-05-01,Clothing,525.0,Actual,,
2023-05-02,Beauty,50.0,Actual,,
2023-05-02,Clothing,25.0,Actual,,
2023-05-02,Electronics,90.0,Actual,,
2023-05-03,Beauty,60.0,Actual,,
2023-05-03,Clothing,165.0,Actual,,
2023-05-03,Electronics,75.0,Actual,,
2023-05-04,Beauty,1090.0,Actual,,
2023-05-04,Clothing,50.0,Actual,,
2023-05-05,Clothing,120.0,Actual,,
2023-05-05,Electronics,1400.0,Actual,,
2023-05-06,Beauty,100.0,Actual,,
2023-05-06,Electronics,890.0,Actual,,
2023-05-07,Beauty,650.0,Actual,,
2023-05-07,Clothing,200.0,Actual,,
2023-05-07,Electronics,145.0,Actual,,
2023-05-08,Beauty,125.0,Actual,,
2023-05-08,Clothing,1500.0,Actual,,
2023-05-08,Electronics,2575.0,Actual,,
2023-05-09,Beauty,100.0,Actual,,
2023-05-09,Clothing,60.0,Actual,,
2023-05-09,Electronics,500.0,Actual,,
2023-05-10,Clothing,2200.0,Actual,,
2023-05-11,Clothing,30.0,Actual,,
2023-05-12,Clothing,100.0,Actual,,
2023-05-13,Beauty,200.0,Actual,,
2023-05-13,Electronics,600.0,Actual,,
2023-05-14,Clothing,500.0,Actual,,
2023-05-14,Electronics,560.0,Actual,,
2023-05-15,Beauty,1500.0,Actual,,
2023-05-15,Electronics,180.0,Actual,,
2023-05-16,Beauty,510.0,Actual,,
2023-05-16,Clothing,1650.0,Actual,,
2023-05-16,Electronics,5100.0,Actual,,
2023-05-17,Clothing,1000.0,Actual,,
2023-05-17,Electronics,2050.0,Actual,,
2023-05-18,Clothing,50.0,Actual,,
2023-05-18,Electronics,500.0,Actual,,
2023-05-19,Beauty,1050.0,Actual,,
2023-05-19,Electronics,300.0,Actual,,
2023-05-20,Clothing,675.0,Actual,,
2023-05-20,Electronics,50.0,Actual,,
2023-05-21,Clothing,2000.0,Actual,,
2023-05-21,Electronics,900.0,Actual,,
2023-05-22,Beauty,1500.0,Actual,,
2023-05-22,Clothing,310.0,Actual,,
2023-05-23,Beauty,2225.0,Actual,,
2023-05-23,Clothing,1200.0,Actual,,
2023-05-23,Electronics,5030.0,Actual,,
2023-05-24,Clothing,50.0,Actual,,
2023-05-25,Beauty,1000.0,Actual,,
2023-05-25,Clothing,600.0,Actual,,
2023-05-25,Electronics,1000.0,Actual,,
2023-05-26,Beauty,900.0,Actual,,
2023-05-26,Clothing,1120.0,Actual,,
2023-05-27,Clothing,2150.0,Actual,,
2023-05-27,Electronics,50.0,Actual,,
2023-05-28,Clothing,75.0,Actual,,
2023-05-29,Beauty,1200.0,Actual,,
2023-05-30,Beauty,90.0,Actual,,
2023-05-30,Electronics,50.0,Actual,,
2023-05-31,Clothing,1100.0,Actual,,
2023-05-31,Electronics,1200.0,Actual,,
2023-06-01,Beauty,50.0,Actual,,
2023-06-01,Clothing,110.0,Actual,,
2023-06-02,Clothing,50.0,Actual,,
2023-06-02,Electronics,100.0,Actual,,
2023-06-03,Beauty,525.0,Actual,,
2023-06-03,Clothing,500.0,Actual,,
2023-06-04,Beauty,30.0,Actual,,
2023-06-04,Clothing,950.0,Actual,,
2023-06-04,Electronics,50.0,Actual,,
2023-06-05,Clothing,50.0,Actual,,
2023-06-05,Electronics,50.0,Actual,,
2023-06-06,Beauty,200.0,Actual,,
2023-06-06,Electronics,1750.0,Actual,,
2023-06-07,Clothing,100.0,Actual,,
2023-06-07,Electronics,50.0,Actual,,
2023-06-08,Beauty,1700.0,Actual,,
2023-06-09,Clothing,1700.0,Actual,,
2023-06-09,Electronics,120.0,Actual,,
2023-06-10,Beauty,200.0,Actual,,
2023-06-10,Clothing,1000.0,Actual,,
2023-06-10,Electronics,1550.0,Actual,,
2023-06-11,Beauty,1000.0,Actual,,
2023-06-11,Clothing,1300.0,Actual,,
2023-06-11,Electronics,1000.0,Actual,,
2023-06-12,Electronics,50.0,Actual,,
2023-06-13,Clothing,500.0,Actual,,
2023-06-14,Clothing,900.0,Actual,,
2023-06-15,Beauty,220.0,Actual,,
2023-06-16,Beauty,200.0,Actual,,
2023-06-16,Electronics,30.0,Actual,,
2023-06-17,Beauty,250.0,Actual,,
2023-06-17,Clothing,1200.0,Actual,,
2023-06-18,Electronics,900.0,Actual,,
2023-06-19,Beauty,1200.0,Actual,,
2023-06-19,Clothing,245.0,Actual,,
2023-06-19,Electronics,1500.0,Actual,,
2023-06-20,Clothing,90.0,Actual,,
2023-06-20,Electronics,100.0,Actual,,
2023-06-21,Clothing,75.0,Actual,,
2023-06-21,Electronics,100.0,Actual,,
2023-06-22,Beauty,950.0,Actual,,
2023-06-22,Clothing,270.0,Actual,,
2023-06-23,Beauty,120.0,Actual,,
2023-06-23,Clothing,50.0,Actual,,
2023-06-24,Beauty,1020.0,Actual,,
2023-06-24,Electronics,5200.0,Actual,,
2023-06-25,Electronics,900.0,Actual,,
2023-06-26,Beauty,30.0,Actual,,
2023-06-26,Electronics,2100.0,Actual,,
2023-06-27,Beauty,900.0,Actual,,
2023-06-28,Beauty,300.0,Actual,,
2023-06-29,Beauty,2100.0,Actual,,
2023-06-29,Clothing,50.0,Actual,,
2023-06-30,Clothing,1030.0,Actual,,
2023-07-01,Beauty,150.0,Actual,,
2023-07-01,Clothing,1500.0,Actual,,
2023-07-01,Electronics,100.0,Actual,,
2023-07-03,Electronics,230.0,Actual,,
2023-07-04,Clothing,500.0,Actual,,
2023-07-05,Beauty,530.0,Actual,,
2023-07-05,Clothing,250.0,Actual,,
2023-07-06,Beauty,2200.0,Actual,,
2023-07-06,Clothing,60.0,Actual,,
2023-07-08,Electronics,220.0,Actual,,
2023-07-09,Beauty,50.0,Actual,,
2023-07-09,Clothing,275.0,Actual,,
2023-07-11,Beauty,100.0,Actual,,
2023-07-11,Electronics,100.0,Actual,,
2023-07-12,Electronics,30.0,Actual,,
2023-07-13,Electronics,100.0,Actual,,
2023-07-14,Beauty,3690.0,Actual,,
2023-07-14,Clothing,325.0,Actual,,
2023-07-14,Electronics,1110.0,Actual,,
2023-07-15,Beauty,1500.0,Actual,,
2023-07-15,Clothing,1500.0,Actual,,
2023-07-16,Clothing,190.0,Actual,,
2023-07-17,Clothing,950.0,Actual,,
2023-07-19,Electronics,2060.0,Actual,,
2023-07-21,Electronics,1000.0,Actual,,
2023-07-22,Beauty,100.0,Actual,,
2023-07-22,Clothing,50.0,Actual,,
2023-07-23,Electronics,2000.0,Actual,,
2023-07-24,Beauty,1560.0,Actual,,
2023-07-24,Clothing,2050.0,Actual,,
2023-07-24,Electronics,1000.0,Actual,,
2023-07-25,Beauty,500.0,Actual,,
2023-07-25,Electronics,1500.0,Actual,,
2023-07-26,Beauty,700.0,Actual,,
2023-07-26,Electronics,300.0,Actual,,
2023-07-27,Beauty,90.0,Actual,,
2023-07-27,Clothing,600.0,Actual,,
2023-07-27,Electronics,500.0,Actual,,
2023-07-28,Beauty,2800.0,Actual,,
2023-07-28,Electronics,650.0,Actual,,
2023-07-29,Beauty,500.0,Actual,,
2023-07-29,Electronics,75.0,Actual,,
2023-07-30,Beauty,120.0,Actual,,
2023-07-30,Electronics,150.0,Actual,,
2023-07-31,Beauty,1500.0,Actual,,
2023-08-01,Beauty,220.0,Actual,,
2023-08-01,Electronics,500.0,Actual,,
2023-08-02,Electronics,50.0,Actual,,
2023-08-03,Beauty,50.0,Actual,,
2023-08-03,Electronics,325.0,Actual,,
2023-08-04,Beauty,100.0,Actual,,
2023-08-04,Clothing,160.0,Actual,,
2023-08-05,Beauty,2100.0,Actual,,
2023-08-05,Clothing,575.0,Actual,,
2023-08-05,Electronics,2530.0,Actual,,
2023-08-06,Electronics,2500.0,Actual,,
2023-08-07,Beauty,120.0,Actual,,
2023-08-07,Electronics,900.0,Actual,,
2023-08-08,Clothing,1385.0,Actual,,
2023-08-09,Clothing,1010.0,Actual,,
2023-08-10,Clothing,200.0,Actual,,
2023-08-11,Beauty,600.0,Actual,,
2023-08-11,Clothing,100.0,Actual,,
2023-08-11,Electronics,200.0,Actual,,
2023-08-12,Beauty,1100.0,Actual,,
2023-08-12,Clothing,120.0,Actual,,
2023-08-12,Electronics,150.0,Actual,,
2023-08-13,Clothing,500.0,Actual,,
2023-08-13,Electronics,200.0,Actual,,
2023-08-14,Beauty,1200.0,Actual,,
2023-08-14,Electronics,30.0,Actual,,
2023-08-15,Clothing,600.0,Actual,,
2023-08-15,Electronics,370.0,Actual,,
2023-08-17,Electronics,900.0,Actual,,
2023-08-18,Clothing,100.0,Actual,,
2023-08-18,Electronics,1530.0,Actual,,
2023-08-19,Clothing,1500.0,Actual,,
2023-08-19,Electronics,660.0,Actual,,
2023-08-20,Electronics,90.0,Actual,,
2023-08-21,Beauty,1000.0,Actual,,
2023-08-21,Clothing,60.0,Actual,,
2023-08-21,Electronics,500.0,Actual,,
2023-08-22,Beauty,1275.0,Actual,,
2023-08-23,Beauty,500.0,Actual,,
2023-08-23,Clothing,1230.0,Actual,,
2023-08-24,Beauty,75.0,Actual,,
2023-08-24,Electronics,1230.0,Actual,,
2023-08-25,Beauty,75.0,Actual,,
2023-08-25,Electronics,320.0,Actual,,
2023-08-26,Beauty,925.0,Actual,,
2023-08-26,Electronics,30.0,Actual,,
2023-08-27,Clothing,75.0,Actual,,
2023-08-27,Electronics,1650.0,Actual,,
2023-08-28,Beauty,60.0,Actual,,
2023-08-28,Clothing,290.0,Actual,,
2023-08-29,Beauty,130.0,Actual,,
2023-08-29,Clothing,2500.0,Actual,,
2023-08-31,Beauty,260.0,Actual,,
2023-08-31,Clothing,2050.0,Actual,,
2023-08-31,Electronics,50.0,Actual,,
2023-09-01,Beauty,175.0,Actual,,
2023-09-01,Clothing,600.0,Actual,,
2023-09-01,Electronics,600.0,Actual,,
2023-09-02,Beauty,1320.0,Actual,,
2023-09-02,Electronics,50.0,Actual,,
2023-09-03,Electronics,300.0,Actual,,
2023-09-04,Electronics,1000.0,Actual,,
2023-09-05,Clothing,500.0,Actual,,
2023-09-05,Electronics,30.0,Actual,,
2023-09-06,Beauty,75.0,Actual,,
2023-09-06,Clothing,1690.0,Actual,,
2023-09-07,Clothing,420.0,Actual,,
2023-09-08,Beauty,975.0,Actual,,
2023-09-08,Electronics,150.0,Actual,,
2023-09-09,Beauty,100.0,Actual,,
2023-09-09,Electronics,100.0,Actual,,
2023-09-10,Electronics,200.0,Actual,,
2023-09-11,Beauty,2000.0,Actual,,
2023-09-11,Electronics,200.0,Actual,,
2023-09-13,Electronics,50.0,Actual,,
2023-09-14,Clothing,1200.0,Actual,,
2023-09-15,Clothing,75.0,Actual,,
2023-09-16,Clothing,50.0,Actual,,
2023-09-16,Electronics,2100.0,Actual,,
2023-09-17,Beauty,350.0,Actual,,
2023-09-17,Clothing,350.0,Actual,,
2023-09-18,Beauty,1000.0,Actual,,
2023-09-19,Beauty,60.0,Actual,,
2023-09-19,Electronics,100.0,Actual,,
2023-09-21,Electronics,105.0,Actual,,
2023-09-22,Beauty,140.0,Actual,,
2023-09-23,Clothing,100.0,Actual,,
2023-09-24,Electronics,390.0,Actual,,
2023-09-25,Beauty,100.0,Actual,,
2023-09-25,Clothing,90.0,Actual,,
2023-09-25,Electronics,900.0,Actual,,
2023-09-26,Electronics,100.0,Actual,,
2023-09-28,Beauty,25.0,Actual,,
2023-09-28,Electronics,400.0,Actual,,
2023-09-29,Clothing,2000.0,Actual,,
2023-09-29,Electronics,550.0,Actual,,
2023-09-30,Clothing,2900.0,Actual,,
2023-10-01,Clothing,500.0,Actual,,
2023-10-01,Electronics,2300.0,Actual,,
2023-10-02,Beauty,175.0,Actual,,
2023-10-02,Clothing,120.0,Actual,,
2023-10-02,Electronics,950.0,Actual,,
2023-10-03,Beauty,1800.0,Actual,,
2023-10-03,Clothing,100.0,Actual,,
2023-10-03,Electronics,270.0,Actual,,
2023-10-04,Beauty,690.0,Actual,,
2023-10-04,Clothing,2060.0,Actual,,
2023-10-04,Electronics,260.0,Actual,,
2023-10-05,Beauty,30.0,Actual,,
2023-10-05,Clothing,500.0,Actual,,
2023-10-06,Electronics,1500.0,Actual,,
2023-10-07,Clothing,200.0,Actual,,
2023-10-07,Electronics,2300.0,Actual,,
2023-10-08,Clothing,25.0,Actual,,
2023-10-08,Electronics,2000.0,Actual,,
2023-10-09,Clothing,120.0,Actual,,
2023-10-09,Electronics,75.0,Actual,,
2023-10-10,Beauty,1920.0,Actual,,
2023-10-10,Electronics,200.0,Actual,,
2023-10-11,Beauty,1075.0,Actual,,
2023-10-11,Clothing,375.0,Actual,,
2023-10-11,Electronics,800.0,Actual,,
2023-10-12,Beauty,25.0,Actual,,
2023-10-12,Clothing,450.0,Actual,,
2023-10-13,Beauty,1000.0,Actual,,
2023-10-13,Electronics,175.0,Actual,,
2023-10-14,Clothing,50.0,Actual,,
2023-10-14,Electronics,60.0,Actual,,
2023-10-15,Clothing,100.0,Actual,,
2023-10-15,Electronics,1400.0,Actual,,
2023-10-16,Clothing,1200.0,Actual,,
2023-10-16,Electronics,1660.0,Actual,,
2023-10-17,Beauty,75.0,Actual,,
2023-10-17,Clothing,100.0,Actual,,
2023-10-18,Beauty,25.0,Actual,,
2023-10-18,Electronics,2000.0,Actual,,
2023-10-19,Beauty,300.0,Actual,,
2023-10-19,Clothing,1560.0,Actual,,
2023-10-20,Clothing,50.0,Actual,,
2023-10-21,Electronics,50.0,Actual,,
2023-10-22,Beauty,1000.0,Actual,,
2023-10-22,Clothing,950.0,Actual,,
2023-10-23,Beauty,750.0,Actual,,
2023-10-23,Electronics,50.0,Actual,,
2023-10-24,Beauty,75.0,Actual,,
2023-10-24,Clothing,2025.0,Actual,,
2023-10-24,Electronics,100.0,Actual,,
2023-10-25,Beauty,3500.0,Actual,,
2023-10-26,Beauty,50.0,Actual,,
2023-10-26,Clothing,690.0,Actual,,
2023-10-27,Beauty,1500.0,Actual,,
2023-10-27,Clothing,2000.0,Actual,,
2023-10-27,Electronics,150.0,Actual,,
2023-10-29,Beauty,1090.0,Actual,,
2023-10-29,Clothing,50.0,Actual,,
2023-10-29,Electronics,110.0,Actual,,
2023-10-30,Beauty,75.0,Actual,,
2023-10-31,Beauty,200.0,Actual,,
2023-10-31,Clothing,90.0,Actual,,
2023-10-31,Electronics,1500.0,Actual,,
2023-11-01,Beauty,200.0,Actual,,
2023-11-01,Clothing,300.0,Actual,,
2023-11-01,Electronics,950.0,Actual,,
2023-11-02,Beauty,100.0,Actual,,
2023-11-02,Clothing,165.0,Actual,,
2023-11-02,Electronics,1650.0,Actual,,
2023-11-03,Electronics,1200.0,Actual,,
2023-11-04,Electronics,500.0,Actual,,
2023-11-05,Clothing,1800.0,Actual,,
2023-11-06,Beauty,1500.0,Actual,,
2023-11-06,Clothing,1200.0,Actual,,
2023-11-07,Beauty,85.0,Actual,,
2023-11-07,Clothing,1425.0,Actual,,
2023-11-07,Electronics,50.0,Actual,,
2023-11-08,Beauty,90.0,Actual,,
2023-11-08,Electronics,120.0,Actual,,
2023-11-09,Beauty,900.0,Actual,,
2023-11-09,Clothing,2200.0,Actual,,
2023-11-10,Electronics,115.0,Actual,,
2023-11-12,Beauty,150.0,Actual,,
2023-11-12,Electronics,75.0,Actual,,
2023-11-13,Clothing,1225.0,Actual,,
2023-11-14,Beauty,50.0,Actual,,
2023-11-14,Clothing,900.0,Actual,,
2023-11-14,Electronics,130.0,Actual,,
2023-11-15,Beauty,30.0,Actual,,
2023-11-15,Electronics,1600.0,Actual,,
2023-11-16,Electronics,1500.0,Actual,,
2023-11-17,Beauty,1590.0,Actual,,
2023-11-17,Clothing,900.0,Actual,,
2023-11-17,Electronics,120.0,Actual,,
2023-11-18,Beauty,1130.0,Actual,,
2023-11-19,Beauty,100.0,Actual,,
2023-11-19,Clothing,200.0,Actual,,
2023-11-20,Electronics,50.0,Actual,,
2023-11-21,Beauty,60.0,Actual,,
2023-11-21,Clothing,100.0,Actual,,
2023-11-21,Electronics,900.0,Actual,,
2023-11-22,Beauty,2100.0,Actual,,
2023-11-22,Clothing,100.0,Actual,,
2023-11-23,Beauty,1200.0,Actual,,
2023-11-23,Electronics,390.0,Actual,,
2023-11-24,Beauty,150.0,Actual,,
2023-11-24,Clothing,960.0,Actual,,
2023-11-25,Beauty,50.0,Actual,,
2023-11-25,Clothing,100.0,Actual,,
2023-11-26,Beauty,100.0,Actual,,
2023-11-26,Clothing,1500.0,Actual,,
2023-11-27,Beauty,90.0,Actual,,
2023-11-27,Clothing,25.0,Actual,,
2023-11-27,Electronics,120.0,Actual,,
2023-11-28,Electronics,390.0,Actual,,
2023-11-29,Beauty,25.0,Actual,,
2023-11-29,Clothing,1800.0,Actual,,
2023-11-30,Clothing,300.0,Actual,,
2023-11-30,Electronics,160.0,Actual,,
2023-12-01,Clothing,50.0,Actual,,
2023-12-01,Electronics,60.0,Actual,,
2023-12-02,Clothing,1530.0,Actual,,
2023-12-02,Electronics,1500.0,Actual,,
2023-12-03,Electronics,600.0,Actual,,
2023-12-04,Beauty,1650.0,Actual,,
2023-12-04,Clothing,50.0,Actual,,
2023-12-04,Electronics,30.0,Actual,,
2023-12-05,Beauty,125.0,Actual,,
2023-12-05,Electronics,2350.0,Actual,,
2023-12-06,Beauty,140.0,Actual,,
2023-12-06,Clothing,1500.0,Actual,,
2023-12-06,Electronics,1300.0,Actual,,
2023-12-07,Clothing,900.0,Actual,,
2023-12-07,Electronics,500.0,Actual,,
2023-12-08,Clothing,1900.0,Actual,,
2023-12-08,Electronics,900.0,Actual,,
2023-12-09,Beauty,100.0,Actual,,
2023-12-09,Clothing,100.0,Actual,,
2023-12-09,Electronics,3725.0,Actual,,
2023-12-10,Beauty,60.0,Actual,,
2023-12-10,Clothing,160.0,Actual,,
2023-12-10,Electronics,1200.0,Actual,,
2023-12-11,Clothing,900.0,Actual,,
2023-12-11,Electronics,50.0,Actual,,
2023-12-12,Beauty,150.0,Actual,,
2023-12-12,Electronics,50.0,Actual,,
2023-12-13,Electronics,725.0,Actual,,
2023-12-14,Beauty,60.0,Actual,,
2023-12-14,Clothing,600.0,Actual,,
2023-12-15,Beauty,2000.0,Actual,,
2023-12-15,Clothing,50.0,Actual,,
2023-12-16,Electronics,1130.0,Actual,,
2023-12-17,Clothing,300.0,Actual,,
2023-12-17,Electronics,1200.0,Actual,,
2023-12-18,Beauty,1050.0,Actual,,
2023-12-18,Electronics,1200.0,Actual,,
2023-12-19,Beauty,90.0,Actual,,
2023-12-19,Clothing,700.0,Actual,,
2023-12-20,Beauty,900.0,Actual,,
2023-12-20,Clothing,50.0,Actual,,
2023-12-20,Electronics,400.0,Actual,,
2023-12-21,Clothing,300.0,Actual,,
2023-12-22,Beauty,1000.0,Actual,,
2023-12-23,Beauty,525.0,Actual,,
2023-12-23,Clothing,100.0,Actual,,
2023-12-23,Electronics,1225.0,Actual,,
2023-12-24,Clothing,150.0,Actual,,
2023-12-24,Electronics,50.0,Actual,,
2023-12-25,Electronics,1200.0,Actual,,
2023-12-26,Beauty,1150.0,Actual,,
2023-12-26,Clothing,730.0,Actual,,
2023-12-27,Beauty,100.0,Actual,,
2023-12-27,Electronics,600.0,Actual,,
2023-12-28,Clothing,2000.0,Actual,,
2023-12-28,Electronics,75.0,Actual,,
2023-12-29,Beauty,3300.0,Actual,,
2023-12-29,Electronics,100.0,Actual,,
2023-12-31,Electronics,50.0,Actual,,
2024-01-01,Beauty,1500.0,Actual,,
2024-01-01,Electronics,30.0,Actual,,
2024-01-02,Beauty,495.1591492818429,Forecast,-478.3450593347427,1568.702803891445
2024-01-03,Beauty,530.6835177499594,Forecast,-452.76166271501233,1572.3696634242792
2024-01-04,Beauty,565.213407380229,Forecast,-410.22951146952124,1573.6445752151635
2024-01-05,Beauty,800.8178769789728,Forecast,-227.8164276678474,1859.1439289538118
2024-01-06,Beauty,720.9420097596461,Forecast,-243.3513078768271,1694.604800247776
2024-01-07,Beauty,512.25695404785,Forecast,-498.01881048949986,1462.3509525154263
2024-01-08,Beauty,767.0651494135561,Forecast,-204.28541196588583,1824.0510683856555
2024-01-09,Beauty,492.4553472322036,Forecast,-591.0656426982339,1480.0846236073785
2024-01-10,Beauty,527.9797156998885,Forecast,-491.83801636127185,1589.8852124877762
2024-01-11,Beauty,562.5096053303997,Forecast,-458.3173463633293,1581.43277167239
2024-01-12,Beauty,798.1140749300221,Forecast,-299.06169568592964,1682.0444960600873
2024-01-13,Beauty,718.2382077108807,Forecast,-312.19060020177557,1676.6544097847698
2024-01-14,Beauty,509.55315199870665,Forecast,-518.3108217358495,1512.7501253645185
2024-01-15,Beauty,764.3613473641029,Forecast,-255.37070238876277,1682.9721291745268
2024-01-16,Beauty,489.7515451825644,Forecast,-487.27203973123767,1494.6773435509417
2024-01-17,Beauty,525.2759136506838,Forecast,-565.6051018887637,1592.4656347871362
2024-01-18,Beauty,559.8058032812127,Forecast,-481.65234912457356,1501.468583174292
2024-01-19,Beauty,795.4102728810715,Forecast,-188.5691647311461,1762.1845377899033
2024-01-20,Beauty,715.5344056613632,Forecast,-277.87216065878215,1706.84197123663
2024-01-21,Beauty,506.84934994862283,Forecast,-482.37410946604734,1500.1916532225455
2024-01-22,Beauty,761.6575453146495,Forecast,-312.61983560529274,1734.0969824675424
2024-01-23,Beauty,487.0477431327872,Forecast,-572.2244909753318,1513.3911851309383
2024-01-24,Beauty,522.572111601086,Forecast,-529.6398698594468,1485.1457959610607
2024-01-25,Beauty,557.1020012313834,Forecast,-468.4936157495878,1518.6234214980223
2024-01-26,Beauty,792.7064708313966,Forecast,-241.8148134703361,1800.9635799254688
2024-01-27,Beauty,712.8306036118455,Forecast,-337.16393995201423,1673.369449777134
2024-01-28,Beauty,504.14554789947954,Forecast,-520.8452902704893,1488.199993866732
2024-01-29,Beauty,758.9537432649944,Forecast,-237.3941914832424,1733.9487845210124
2024-01-30,Beauty,484.34394108300984,Forecast,-519.3024926969662,1539.4154976506263
2024-01-31,Beauty,519.8683095514483,Forecast,-475.12360031400067,1496.005129655133
2023-12-29,Clothing,725.7493837477551,Forecast,-157.58489318547228,1710.5942821588364
2023-12-30,Clothing,807.7669884441411,Forecast,-44.480629507100076,1722.540892754731
2023-12-31,Clothing,624.700136745346,Forecast,-229.2259021150146,1578.1457871558046
2024-01-01,Clothing,625.0010355312719,Forecast,-195.54230942486907,1543.2798486037168
2024-01-02,Clothing,735.3626104794382,Forecast,-131.81850218105524,1712.222930583498
2024-01-03,Clothing,787.5517237765862,Forecast,-95.83813468329865,1709.1855726610195
2024-01-04,Clothing,644.8846283902407,Forecast,-331.7112163029702,1475.9312542340963
2024-01-05,Clothing,726.9604559525213,Forecast,-199.37114279565776,1602.518238043174
2024-01-06,Clothing,808.9780606494405,Forecast,-83.58032430845014,1738.0196317581638
2024-01-07,Clothing,625.9112089506649,Forecast,-274.55449829824505,1489.8832424067707
2024-01-08,Clothing,626.2121077364147,Forecast,-277.75060061871517,1542.9232795220685
2024-01-09,Clothing,736.5736826850199,Forecast,-146.21635507746808,1657.1660662112272
2024-01-10,Clothing,788.7627959818177,Forecast,-77.21480249712769,1615.563881730311
2024-01-11,Clothing,646.0957005955453,Forecast,-196.64512015580812,1591.9794586855428
2024-01-12,Clothing,728.17152815824,Forecast,-177.53307744944112,1608.2659280600549
2024-01-13,Clothing,810.1891328551342,Forecast,-117.01646963534498,1806.9867453639586
2024-01-14,Clothing,627.1222811560938,Forecast,-264.7017698230693,1543.0861350364803
2024-01-15,Clothing,627.4231799419649,Forecast,-270.56028695925124,1485.329949300037
2024-01-16,Clothing,737.7847548906018,Forecast,-188.74457808363684,1638.1155968592223
2024-01-17,Clothing,789.9738681872991,Forecast,-86.76228406511665,1698.6045129799932
2024-01-18,Clothing,647.3067728010236,Forecast,-305.07751015737614,1581.6165646146012
2024-01-19,Clothing,729.3826003639588,Forecast,-113.92225524143021,1621.6321829907947
2024-01-20,Clothing,811.4002050605991,Forecast,4.4738386320730585,1722.409385897145
2024-01-21,Clothing,628.333353361303,Forecast,-235.71733067382667,1464.8389735945862
2024-01-22,Clothing,628.6342521475149,Forecast,-251.7588828709125,1568.5540521768776
2024-01-23,Clothing,738.9958270961323,Forecast,-178.39481884075602,1623.4278461478225
2024-01-24,Clothing,791.1849403931172,Forecast,-112.78595937470392,1759.3535750702545
2024-01-25,Clothing,648.5178450063282,Forecast,-274.6502369521912,1485.7619147902383
2024-01-26,Clothing,730.5936725694892,Forecast,-149.77832728408316,1631.4272856391956
2024-01-27,Clothing,812.6112772660638,Forecast,-83.01901436494794,1736.7745750268964
2024-01-02,Electronics,852.3243971417126,Forecast,-332.9011732584156,1964.8140390732055
2024-01-03,Electronics,710.296652772918,Forecast,-306.17686923163654,1817.379039716644
2024-01-04,Electronics,625.6898464994631,Forecast,-479.31411989753036,1720.5825442320636
2024-01-05,Electronics,597.2212657423553,Forecast,-477.0834092957279,1691.7931800457905
2024-01-06,Electronics,1040.5177397700036,Forecast,13.539609229381172,2171.768729969219
2024-01-07,Electronics,727.5355084770738,Forecast,-301.6540467618084,1823.9395077018767
2024-01-08,Electronics,685.5284043175575,Forecast,-384.21878782835523,1772.022199684543
2024-01-09,Electronics,853.7850463689239,Forecast,-206.1433382528088,1946.873693025229
2024-01-10,Electronics,711.7573019989736,Forecast,-390.29309262222546,1820.9368693358758
2024-01-11,Electronics,627.1504957260952,Forecast,-497.2683804189786,1737.5901735387238
2024-01-12,Electronics,598.6819149695541,Forecast,-358.7569600309206,1753.761042813104
2024-01-13,Electronics,1041.9783889967066,Forecast,-8.470117414413853,2132.904684002197
2024-01-14,Electronics,728.9961577033857,Forecast,-384.44217049613025,1763.127652996415
2024-01-15,Electronics,686.9890535443924,Forecast,-334.173876733049,1865.3886522845232
2024-01-16,Electronics,855.2456955961351,Forecast,-119.4449719415848,1921.356628475861
2024-01-17,Electronics,713.2179512261739,Forecast,-390.21585123804437,1818.3623372811953
2024-01-18,Electronics,628.6111449530483,Forecast,-424.28184745185354,1701.2563586805306
2024-01-19,Electronics,600.1425641967528,Forecast,-467.8329615439584,1584.622722917448
2024-01-20,Electronics,1043.439038223618,Forecast,-3.612698007441663,2233.889241637599
2024-01-21,Electronics,730.4568069308262,Forecast,-333.6085952723451,1801.8418319710024
2024-01-22,Electronics,688.4497027712274,Forecast,-461.1081232088294,1824.632959574334
2024-01-23,Electronics,856.7063448226362,Forecast,-187.40132336875902,2045.3089404704235
2024-01-24,Electronics,714.6786004538242,Forecast,-471.0791325460089,1832.7072401450375
2024-01-25,Electronics,630.0717941796804,Forecast,-429.01031354650013,1667.689529870593
2024-01-26,Electronics,601.603213423945,Forecast,-429.09384527253746,1652.18742820633
2024-01-27,Electronics,1044.8996874505292,Forecast,-56.2552950703783,2031.7270406076243
2024-01-28,Electronics,731.9174561571382,Forecast,-340.83231101864936,1787.5358319790075
2024-01-29,Electronics,689.9103519977755,Forecast,-314.48891698622566,1878.2706348981474
2024-01-30,Electronics,858.1669940491373,Forecast,-277.1118870925174,2011.548906778684
2024-01-31,Electronics,716.1392496804522,Forecast,-372.8193104533589,1843.0127811854186
